{
  "accuracy": 0.9106382978723404,
  "precision": 0.9089627641510016,
  "recall": 0.9102571280596627,
  "macro_f1": 0.9095814011189829,
  "weighted_f1": 0.9105667676141643,
  "infer_time_ms": 229.95424270629883
}