{
    "MAE": 0.46405582246905647,
    "RMSE": 0.6349002255453218,
    "R2": 0.9918876123079252,
    "MAPE": 3.7760051262653542
}